n,sub_matrix,SNR_diagonal,SNR_off_diagonal,SNR_total,PNR_diagonal,PNR_off_diagonal,PNR_total
5,J1,12.0,36.0,48,12.0,6.0,18
5,J2,11.0,24.0,35,12.0,3.0,15
5,J3,12.0,36.0,48,12.0,6.0,18
5,J4,11.0,24.0,35,12.0,3.0,15
5,overall,,,166,,,66
6,J1,15.0,60.0,75,16.0,8.0,24
6,J2,13.0,40.0,53,16.0,4.0,20
6,J3,15.0,60.0,75,16.0,8.0,24
6,J4,13.0,40.0,53,16.0,4.0,20
6,overall,,,256,,,88
24,J1,69.0,1518.0,1587,88.0,44.0,132
24,J2,49.0,1012.0,1061,88.0,22.0,110
24,J3,69.0,1518.0,1587,88.0,44.0,132
24,J4,49.0,1012.0,1061,88.0,22.0,110
24,overall,,,5296,,,484
30,J1,87.0,2436.0,2523,112.0,56.0,168
30,J2,61.0,1624.0,1685,112.0,28.0,140
30,J3,87.0,2436.0,2523,112.0,56.0,168
30,J4,61.0,1624.0,1685,112.0,28.0,140
30,overall,,,8416,,,616
57,J1,168.0,9240.0,9408,220.0,110.0,330
57,J2,115.0,6160.0,6275,220.0,55.0,275
57,J3,168.0,9240.0,9408,220.0,110.0,330
57,J4,115.0,6160.0,6275,220.0,55.0,275
57,overall,,,31366,,,1210
118,J1,351.0,40716.0,41067,464.0,232.0,696
118,J2,237.0,27144.0,27381,464.0,116.0,580
118,J3,351.0,40716.0,41067,464.0,232.0,696
118,J4,237.0,27144.0,27381,464.0,116.0,580
118,overall,,,136896,,,2552
300,J1,897.0,267306.0,268203,1192.0,596.0,1788
300,J2,601.0,178204.0,178805,1192.0,298.0,1490
300,J3,897.0,267306.0,268203,1192.0,596.0,1788
300,J4,601.0,178204.0,178805,1192.0,298.0,1490
300,overall,,,894016,,,6556
