case,solver,iteration,max_voltage_error,max_mismatch,max_dv
TC1,SNR,0,0.10972480874000241,1.1849999999999994,0.1128399466299353
TC1,SNR,1,0.01025766397874494,0.10671828223930799,0.008494904520358922
TC1,SNR,2,0.0001041188551661729,0.0009657583886056031,8.635808020234303e-05
TC1,SNR,3,1.1761890047485116e-08,1.2385330203090739e-07,9.617252101491832e-09
TC1,SNR,4,0.0,6.251943407420413e-15,
TC1,PNR,0,0.10972480874000241,1.1849999999999994,0.1100980143372769
TC1,PNR,1,0.00765062616555738,0.06230295473377276,0.007124576330115475
TC1,PNR,2,2.2322851085953792e-05,0.00015514789334869494,2.174657555013512e-05
TC1,PNR,3,2.6002498959589223e-10,2.72451664007356e-09,2.59684999367294e-10
TC1,PNR,4,4.847302891456678e-16,5.717648576819556e-15,
TC2,SNR,0,0.1040794986206287,0.5060671996761463,0.10121357276456112
TC2,SNR,1,0.0030526968936516745,0.015385730747070947,0.002846301584771819
TC2,SNR,2,7.155233261155421e-06,3.7705889100125844e-05,6.687100374896436e-06
TC2,SNR,3,3.586003195830244e-11,2.08638772924985e-10,3.3514047806091183e-11
TC2,SNR,4,0.0,3.552713678800501e-15,
TC2,PNR,0,0.1040794986206287,0.5060671996761463,0.10651176483440856
TC2,PNR,1,0.0044236150279575595,0.04589784848560796,0.003481971725869709
TC2,PNR,2,0.0009557308053868936,0.003481849463368103,0.0008691392066588038
TC2,PNR,3,2.575188603214219e-05,0.0001076706545299344,2.3427062994891053e-05
TC2,PNR,4,6.849286282259329e-07,3.659222666207995e-06,6.226381636909257e-07
TC2,PNR,5,1.8705793074453702e-08,1.1607768896082504e-07,
TC3,SNR,0,0.4144685681424018,5.865663893058154,0.4190190181137002
TC3,SNR,1,0.02944820699427107,0.46199789904783156,0.02445880311756418
TC3,SNR,2,0.0007549094523834673,0.007033731155511469,0.0005843727768292525
TC3,SNR,3,5.075820636893168e-07,3.2152831274667726e-06,4.2193302036586314e-07
TC3,SNR,4,2.3994895459871764e-13,2.3077095789858504e-12,
TC3,PNR,0,0.4144685681424018,5.58634656481729,0.6131316717695305
TC3,PNR,1,0.2313594111023327,2.084945088037085,0.23025014989495649
TC3,PNR,2,0.01017741834028906,0.4809569692002866,0.018440251755862152
TC3,PNR,3,0.009184776879324012,0.08614232625537055,0.008461238997957752
TC3,PNR,4,0.00031304104224289783,0.0030292406624177204,0.000306615120554937
TC3,PNR,5,3.513498853392254e-06,0.00011117720199815828,3.321566076158419e-06
TC3,PNR,6,7.168094198347224e-08,4.197837004005223e-06,6.819698304993045e-08
TC3,PNR,7,2.6185885907268224e-09,1.6092819510316048e-07,
TC4,SNR,0,0.07622365958263005,0.39269999999999916,0.06396609319193114
TC4,SNR,1,0.005316325215155282,0.01634650678936922,0.0051974981579067225
TC4,SNR,2,1.7878642775939422e-05,6.59027800941625e-05,1.7821011396947338e-05
TC4,SNR,3,1.965801123216201e-10,9.569992021063456e-10,1.9747988280369687e-10
TC4,SNR,4,0.0,4.0068562874513865e-15,
TC4,PNR,0,0.07622365958263005,0.39269999999999916,0.06306167049264584
TC4,PNR,1,0.005952081898204321,0.019462794151842933,0.006241908498627066
TC4,PNR,2,0.00027658076497367816,0.0007751653744576537,0.0002706469674165754
TC4,PNR,3,5.9337984386583575e-06,1.9580250490897066e-05,5.8280003475057494e-06
TC4,PNR,4,1.0579809115952678e-07,3.608765578311246e-07,1.0383350222699547e-07
TC4,PNR,5,1.964588935180596e-09,6.863455359606974e-09,
TC5,SNR,0,0.3319766379454973,2.865396555361016,0.3275723696812598
TC5,SNR,1,0.03741116153152164,0.14277741311254774,0.03490413124578867
TC5,SNR,2,0.0011911614907526402,0.002877609374094593,0.0010765001637081512
TC5,SNR,3,1.5130059700165322e-06,1.232835881838898e-06,1.21241382691918e-06
TC5,SNR,4,2.9382465641256498e-12,1.541836103235994e-12,2.1877826466956244e-12
TC5,SNR,5,0.0,1.5587208519351424e-14,
TC5,PNR,0,0.3319766379454973,2.851140851105489,0.3231090478007602
TC5,PNR,1,0.056128696314435414,0.3021788032192369,0.054561535449488135
TC5,PNR,2,0.004059578483701014,0.023206081159355962,0.0037309880410124063
TC5,PNR,3,0.00023583749945069434,0.001298127232253199,0.00021660482012951512
TC5,PNR,4,1.3603279334207412e-05,9.343312025966721e-05,1.2450709182837204e-05
TC5,PNR,5,8.280809088393732e-07,6.661298301624541e-06,7.566885256902535e-07
TC5,PNR,6,5.147915866876944e-08,4.611665714859825e-07,
