case,bus,Vm_pu,Va_deg,V_rect
TC1,1,1.06,0.0,1.06+0.00j
TC1,2,1.0474377257407153,-2.8063503141768122,1.05-0.05j
TC1,3,1.0241754446253606,-4.9969684947504245,1.02-0.09j
TC1,4,1.0235663684147225,-5.3291368149925695,1.02-0.10j
TC1,5,1.0179369603393844,-6.1502637294842515,1.01-0.11j
TC2,1,1.05,0.0,1.05+0.00j
TC2,2,1.0500000000000003,-3.671158294572164,1.05-0.07j
TC2,3,1.07,-4.273268469659592,1.07-0.08j
TC2,4,0.9893728699254118,-4.195822250152433,0.99-0.07j
TC2,5,0.9854448351906546,-5.276388982034192,0.98-0.09j
TC2,6,1.004425270298162,-5.947454948338189,1.00-0.10j
TC3,1,1.035,-7.277917696362196,1.03-0.13j
TC3,2,1.035,-7.369778016895486,1.03-0.13j
TC3,3,0.9893775018842617,-5.583806010711913,0.98-0.10j
TC3,4,0.9979448487463973,-9.689933788124957,0.98-0.17j
TC3,5,1.0185319104176778,-9.963981165082137,1.00-0.18j
TC3,6,1.012400764296096,-12.420709674394473,0.99-0.22j
TC3,7,1.025,-7.357474600076975,1.02-0.13j
TC3,8,0.9926645557322697,-11.088141066276876,0.97-0.19j
TC3,9,1.0013346908721215,-7.434930054731107,0.99-0.13j
TC3,10,1.028459438650307,-9.502835193240033,1.01-0.17j
TC3,11,0.9898936697386721,-2.1540750217280715,0.99-0.04j
TC3,12,1.002532369767624,-1.517462223709943,1.00-0.03j
TC3,13,1.02,0.0,1.02+0.00j
TC3,14,0.9799999999999999,2.2584428543149295,0.98+0.04j
TC3,15,1.014,11.565798446794105,0.99+0.20j
TC3,16,1.017,10.44873723362956,1.00+0.18j
TC3,17,1.038552260775152,14.9313121846875,1.00+0.27j
TC3,18,1.0500000000000003,16.291873835094204,1.01+0.29j
TC3,19,1.0232483922519857,8.917420973227149,1.01+0.16j
TC3,20,1.0384899590206833,9.529648924102721,1.02+0.17j
TC3,21,1.05,17.11732451627144,1.00+0.31j
TC3,22,1.0499999999999998,22.7659422700134,0.97+0.41j
TC3,23,1.0499999999999998,10.572265755247384,1.03+0.19j
TC3,24,0.9778620467720828,5.299184535686673,0.97+0.09j
TC4,1,1.0,0.0,1.00+0.00j
TC4,2,1.0000000000000002,-0.4154907381429413,1.00-0.01j
TC4,3,0.9831382890440228,-1.522073966824106,0.98-0.03j
TC4,4,0.9800929953041766,-1.7947276904749767,0.98-0.03j
TC4,5,0.982406196759786,-1.863822701476714,0.98-0.03j
TC4,6,0.9731840210752057,-2.2669567477568067,0.97-0.04j
TC4,7,0.967355447644563,-2.651836804257458,0.97-0.04j
TC4,8,0.960623708217198,-2.7257694799196988,0.96-0.05j
TC4,9,0.9805061170686336,-2.996933173908903,0.98-0.05j
TC4,10,0.9844042958539084,-3.3749360430510396,0.98-0.06j
TC4,11,0.9805061170686336,-2.9969331739089027,0.98-0.05j
TC4,12,0.9854683170523262,-1.5369116512680387,0.99-0.03j
TC4,13,1.0,1.4761631810417737,1.00+0.03j
TC4,14,0.9766768341043958,-2.308035501929668,0.98-0.04j
TC4,15,0.9802290289370755,-2.3118354680311977,0.98-0.04j
TC4,16,0.9773956552116873,-2.644486290101845,0.98-0.05j
TC4,17,0.9768654099426407,-3.3923393092221725,0.98-0.06j
TC4,18,0.9684403291255897,-3.478387803439623,0.97-0.06j
TC4,19,0.9652870396742597,-3.9582047801393188,0.96-0.07j
TC4,20,0.9691663508199863,-3.871024418314998,0.97-0.07j
TC4,21,0.9933832967808477,-3.488393434994328,0.99-0.06j
TC4,22,1.0,-3.3927291326242646,1.00-0.06j
TC4,23,1.0,-1.5892280047163558,1.00-0.03j
TC4,24,0.9885662962071552,-2.6314615661659753,0.99-0.05j
TC4,25,0.9902148369072056,-1.689988963953678,0.99-0.03j
TC4,26,0.9721941498074544,-2.139346059240693,0.97-0.04j
TC4,27,1.0,-0.828439382443335,1.00-0.01j
TC4,28,0.97471489966587,-2.2659286709719266,0.97-0.04j
TC4,29,0.9795967046663359,-2.128498238787818,0.98-0.04j
TC4,30,0.9678828791877784,-3.0415236411955293,0.97-0.05j
TC5,1,1.04,0.0,1.04+0.00j
TC5,2,1.0099999999999998,-1.1881632620183227,1.01-0.02j
TC5,3,0.9850000000000001,-5.988128457046716,0.98-0.10j
TC5,4,0.9807796280570806,-7.337367409167888,0.97-0.13j
TC5,5,0.9764986793875036,-8.54641198809339,0.97-0.15j
TC5,6,0.98,-8.674122469969136,0.97-0.15j
TC5,7,0.9842016571973098,-7.601400426877149,0.98-0.13j
TC5,8,1.005,-4.477914466957619,1.00-0.08j
TC5,9,0.9799999999999999,-9.584674406016141,0.97-0.16j
TC5,10,0.9862420268685801,-11.449660479159533,0.97-0.20j
TC5,11,0.973962299661365,-10.193251190516857,0.96-0.17j
TC5,12,1.015,-10.471213892993951,1.00-0.18j
TC5,13,0.9788874149463149,-9.803520473389922,0.96-0.17j
TC5,14,0.9701768487187001,-9.350307627212013,0.96-0.16j
TC5,15,0.9880316136372428,-7.190171372642557,0.98-0.12j
TC5,16,1.0133686252134484,-8.858937375483844,1.00-0.16j
TC5,17,1.0174542674722655,-5.395894191715459,1.01-0.10j
TC5,18,1.0006592328324415,-11.729640976891348,0.98-0.20j
TC5,19,0.9701578469763188,-13.226508250822446,0.94-0.22j
TC5,20,0.9637901655923099,-13.44431091217989,0.94-0.22j
TC5,21,1.0084982565008538,-12.929007522444218,0.98-0.23j
TC5,22,1.0097439871455214,-12.874311359923492,0.98-0.22j
TC5,23,1.0083298936379945,-12.939559478710535,0.98-0.23j
TC5,24,0.999233038369347,-13.292122431536889,0.97-0.23j
TC5,25,0.9825207763954009,-18.173228513877703,0.93-0.31j
TC5,26,0.958818250826714,-12.981259793402536,0.93-0.22j
TC5,27,0.9815411012542445,-11.51362296167779,0.96-0.20j
TC5,28,0.9966779868931777,-10.481610971271095,0.98-0.18j
TC5,29,1.0102198669259639,-9.771780676776793,1.00-0.17j
TC5,30,0.962661347430465,-18.719647820389195,0.91-0.31j
TC5,31,0.9359324499500286,-19.383807057825898,0.88-0.31j
TC5,32,0.9498747173976396,-18.512338426397385,0.90-0.30j
TC5,33,0.9475806480217185,-18.55200891967695,0.90-0.30j
TC5,34,0.959200034457077,-14.148966370848015,0.93-0.23j
TC5,35,0.9662119365277447,-13.906193749234072,0.94-0.23j
TC5,36,0.9758280960163644,-13.634818388131961,0.95-0.23j
TC5,37,0.9848864904150115,-13.445922436968901,0.96-0.23j
TC5,38,1.0128124880702511,-12.734625236636285,0.99-0.22j
TC5,39,0.9828230756095405,-13.491034664362873,0.96-0.23j
TC5,40,0.9728106895045053,-13.658240738563515,0.95-0.23j
TC5,41,0.9962167512887583,-14.076682597637525,0.97-0.24j
TC5,42,0.9665259453959608,-15.532792390416889,0.93-0.26j
TC5,43,1.009563788861479,-11.354392944111554,0.99-0.20j
TC5,44,1.0167986030045058,-11.856466275357638,1.00-0.21j
TC5,45,1.0360049702167744,-9.270096786373113,1.02-0.17j
TC5,46,1.0597974639060794,-11.116072024397097,1.04-0.20j
TC5,47,1.0332513715267881,-12.51159217640869,1.01-0.22j
TC5,48,1.0273505539683296,-12.610658678552973,1.00-0.22j
TC5,49,1.0362455822107068,-12.936084310607939,1.01-0.23j
TC5,50,1.0233361055091919,-13.41271459518337,1.00-0.24j
TC5,51,1.052262089061815,-12.533400860298432,1.03-0.23j
TC5,52,0.9803684986066765,-11.4975627237817,0.96-0.20j
TC5,53,0.9709455148622856,-12.252593358900963,0.95-0.21j
TC5,54,0.9963187967574872,-11.70965908210693,0.98-0.20j
TC5,55,1.030786043710727,-10.801129869095421,1.01-0.19j
TC5,56,0.9683685366637461,-16.065071559615895,0.93-0.27j
TC5,57,0.9648260060196313,-16.583699630738238,0.92-0.28j
