n_bus,deriv_SNR_us,deriv_PNR_us,deriv_ratio,iteration_ratio
3,19.439999960013665,16.029000107664615,1.2128017861025533,0.9956954626900401
5,30.21999987140589,16.4800001130061,1.833737843700384,1.1996860671786465
6,19.939000139856944,16.49199998610129,1.2090104387982432,1.0529126626375085
14,23.387999817714444,19.104000102743157,1.2242462150299165,1.0521773025814287
24,29.0410000616248,23.02500001860608,1.2612812177267014,1.0700643505843739
30,33.129000030385214,25.800000003073364,1.2840697684666202,1.057059915945728
57,57.97099993287702,41.04599997845071,1.4123422492645323,1.0465021574155495
118,195.75000010263466,123.02000004638103,1.5912046823998776,1.052503148185002
300,1341.9839999642136,760.162999995373,1.765389791363671,1.009002794100104
