solver,iteration,max_voltage_error
SNR,0,0.3926041245463637
SNR,1,0.0904050936463436
SNR,2,0.0011807683872389649
SNR,3,2.728747295941094e-07
SNR,4,1.725566613799652e-14
PNR,0,0.3926041245463637
PNR,1,0.28460072252907564
PNR,2,0.15591766403650573
PNR,3,0.09403843191397485
PNR,4,0.010778078352076035
PNR,5,0.004933635844315771
PNR,6,0.0006605040464771189
PNR,7,0.00013219964790995648
PNR,8,2.5720048816544365e-05
PNR,9,5.04019864244898e-06
PNR,10,1.0431146480168136e-06
PNR,11,2.444205479647861e-07
PNR,12,6.021324479319373e-08
PNR+,0,0.3926041245463637
PNR+,1,0.32968022313969336
PNR+,2,0.016178356155973687
PNR+,3,0.000681068396599631
PNR+,4,9.865492425286065e-08
PNR+,5,2.7606181630238504e-14
RCI,0,0.3926041245463637
RCI,1,0.3312842375391114
RCI,2,0.05501255678762465
RCI,3,0.002201106971672438
RCI,4,4.1702071536751855e-06
RCI,5,1.0625039701294637e-11
RCI,6,2.3525204118543076e-15
FDLF-XB,0,0.3926041245463637
FDLF-XB,1,0.030803525751855975
FDLF-XB,2,0.006095880734334213
FDLF-XB,3,0.0008679089890059466
FDLF-XB,4,0.00013942276840248421
FDLF-XB,5,2.318774139806373e-05
FDLF-XB,6,3.976966405248674e-06
FDLF-XB,7,6.812740394501505e-07
FDLF-XB,8,1.1739822360243557e-07
FDLF-BX,0,0.3926041245463637
FDLF-BX,1,0.020849632300655816
FDLF-BX,2,0.0011987475278665335
FDLF-BX,3,0.00010779414470245475
FDLF-BX,4,5.498803913766154e-06
FDLF-BX,5,4.0575233467328927e-07
FDLF-BX,6,4.2919471431826234e-08
GS,0,0.3926041245463637
GS,1,0.3483738529377756
GS,2,0.31367377676490565
GS,3,0.28861834227816513
GS,4,0.2689919930946337
GS,5,0.2496166534641568
GS,6,0.23796495499366765
GS,7,0.2349474874554229
GS,8,0.23072711732411977
GS,9,0.2292792821895125
GS,10,0.22722879975174554
GS,11,0.2238887654279242
GS,12,0.22120407377094944
GS,13,0.21797344142315592
GS,14,0.21448468448196517
GS,15,0.2108481196776009
GS,16,0.20709617749893344
GS,17,0.20321215271283835
GS,18,0.19929925416665742
GS,19,0.19536127055809957
GS,20,0.19142000810948526
GS,21,0.18747541655878475
GS,22,0.18355444257315742
GS,23,0.17966572259993177
GS,24,0.1758195666545481
GS,25,0.1720192697229887
GS,26,0.16827040676248728
GS,27,0.16457705135499753
GS,28,0.1609424346373571
GS,29,0.15736842719117503
