case,n_bus,n_branch,n_pv,n_pq,solver,converged,iterations,t_min,t_median,t_spread,t_per_iter,peak_mem_kb,jac_rows,jac_nnz,jac_bytes,max_mismatch,notes
case5_stagg,5,7,0,4,SNR,True,4,0.00022654197528026998,0.00023191650689113885,0.0805591216665427,5.6635493820067495e-05,,8,56,512.0,6.251943407420413e-15,
case5_stagg,5,7,0,4,PNR,True,4,0.0002674999996088445,0.0006993749993853271,6.073521498210795,6.687499990221113e-05,,8,56,512.0,5.717648576819556e-15,
case5_stagg,5,7,0,4,PNR+,True,4,0.000641416001599282,0.0007462915091309696,1.2052770725344284,0.0001603540003998205,,8,56,512.0,5.717648576819556e-15,
case5_stagg,5,7,0,4,RCI,True,3,0.0002350830181967467,0.0003344374999869615,28.37597139967596,7.836100606558223e-05,,8,56,512.0,3.952393967665557e-14,
case5_stagg,5,7,0,4,FDLF-XB,True,6,0.0005599169817287475,0.000656395495752804,5.90824197663853,9.331949695479125e-05,,8,28,224.0,1.864544551524252e-07,
case5_stagg,5,7,0,4,FDLF-BX,True,6,0.0005230420210864395,0.000538207998033613,0.25093393254585694,8.717367018107325e-05,,8,28,224.0,1.5305254906996447e-06,
case5_stagg,5,7,0,4,GS,True,27,0.0005587910127360374,0.0005668330122716725,0.028783567925542163,2.069596343466805e-05,,0,0,0.0,1.0292132458566972e-05,
case6ww,6,11,2,3,SNR,True,4,0.0002242499904241413,0.0002298125036759302,0.3047225038873245,5.606249760603532e-05,,8,52,512.0,3.552713678800501e-15,
case6ww,6,11,2,3,PNR,True,5,0.0002899169921875,0.00029247949714772403,0.03650364122892681,5.79833984375e-05,,8,52,512.0,1.1607768896082504e-07,
case6ww,6,11,2,3,PNR+,True,4,0.0002377500059083104,0.00024229199334513396,0.11146160840677741,5.94375014770776e-05,,10,68,800.0,3.552713678800501e-15,
case6ww,6,11,2,3,RCI,True,4,0.000313458003802225,0.00031631250749342144,0.0668638440679886,7.836450095055625e-05,,12,88,1152.0,3.219646771412954e-15,
case6ww,6,11,2,3,FDLF-XB,True,7,0.000534999999217689,0.0005382495000958443,0.03644860372333192,7.642857131681271e-05,,8,28,224.0,4.642022779922597e-07,
case6ww,6,11,2,3,FDLF-BX,True,6,0.0005041249969508499,0.0005063129938207567,0.015704435669146786,8.402083282514165e-05,,8,28,224.0,1.691775929928207e-07,
case6ww,6,11,2,3,GS,True,25,0.0006984999927226454,0.0007117079949239269,0.03781818851507422,2.7939999708905815e-05,,0,0,0.0,5.061464489419798e-06,
case24_ieee_rts,24,38,10,13,SNR,True,4,0.0003316659713163972,0.00033445800363551825,0.038445392383052376,8.29164928290993e-05,,36,222,10368.0,2.3077095789858504e-12,
case24_ieee_rts,24,38,10,13,PNR,True,7,0.0005781670042779297,0.0005822294915560633,0.026952430039222947,8.259528632541853e-05,,36,222,10368.0,1.6092819510316048e-07,
case24_ieee_rts,24,38,10,13,PNR+,True,5,0.0004504160024225712,0.00045770850556436926,0.03367330534364561,9.008320048451424e-05,,46,280,16928.0,1.3162804179955856e-12,
case24_ieee_rts,24,38,10,13,RCI,True,5,0.0005688749952241778,0.0005709584802389145,0.024977392251748096,0.00011377499904483557,,56,360,25088.0,3.9190872769268026e-13,
case24_ieee_rts,24,38,10,13,FDLF-XB,True,6,0.0005251670081634074,0.0005292085115797818,0.03594094433010738,8.752783469390124e-05,,36,122,976.0,9.196169711792087e-07,
case24_ieee_rts,24,38,10,13,FDLF-BX,True,6,0.000524833012605086,0.0005288334941724315,0.012464894465046962,8.747216876751433e-05,,36,122,976.0,1.1135586231062372e-06,
case24_ieee_rts,24,38,10,13,GS,True,76,0.00633637499413453,0.00636845848930534,0.010126766550435682,8.337335518598066e-05,,0,0,0.0,5.4080590745186896e-05,
case30_ieee,30,41,5,24,SNR,True,4,0.0003827909822575748,0.0003850834909826517,0.1055850714816951,9.56977455643937e-05,,53,333,22472.0,4.0068562874513865e-15,
case30_ieee,30,41,5,24,PNR,True,5,0.0004843339847866446,0.0004907709953840822,0.05617612596970157,9.686679695732891e-05,,53,333,22472.0,6.863455359606974e-09,
case30_ieee,30,41,5,24,PNR+,True,4,0.00041112498729489744,0.0004144790000282228,0.13580539689980572,0.00010278124682372436,,58,367,26912.0,1.6965595595053173e-14,
case30_ieee,30,41,5,24,RCI,True,4,0.000492250022944063,0.0004968545108567923,0.0784661699691999,0.00012306250573601574,,63,406,31752.0,4.066191827689636e-15,
case30_ieee,30,41,5,24,FDLF-XB,True,8,0.0006009160133544356,0.000607542009674944,0.09083465905037444,7.511450166930445e-05,,53,183,1464.0,4.3656342130216075e-07,
case30_ieee,30,41,5,24,FDLF-BX,True,6,0.00053495800239034,0.0005374169995775446,0.037698294931123776,8.915966706505667e-05,,53,183,1464.0,7.179720233269405e-08,
case30_ieee,30,41,5,24,GS,True,100,0.009121667011640966,0.009239125502062961,0.02575373345071605,9.121667011640966e-05,,0,0,0.0,1.884627443310416e-05,
case57_ieee,57,80,6,50,SNR,True,5,0.0009151250123977661,0.0009268544963560998,0.0325999152256037,0.00018302500247955323,,106,654,89888.0,1.5587208519351424e-14,
case57_ieee,57,80,6,50,PNR,True,6,0.0010801250173244625,0.0010875834996113554,0.06438326299868458,0.00018002083622074375,,106,656,89888.0,4.611665714859825e-07,
case57_ieee,57,80,6,50,PNR+,True,4,0.0007381250034086406,0.0007581870013382286,0.06615816664617652,0.00018453125085216016,,112,703,100352.0,4.651834473179406e-14,
case57_ieee,57,80,6,50,RCI,True,4,0.0008164579921867698,0.0008595830004196614,0.11314116069766238,0.00020411449804669246,,118,764,111392.0,2.0518309273853674e-14,
case57_ieee,57,80,6,50,FDLF-XB,True,7,0.00073441700078547,0.000746207995689474,0.04890408227253172,0.00010491671439792429,,106,366,2928.0,2.2760688336681178e-07,
case57_ieee,57,80,6,50,FDLF-BX,True,7,0.0007262919971253723,0.0007404790085274726,0.08743042482964374,0.0001037559995893389,,106,366,2928.0,3.8408722112754826e-07,
case57_ieee,57,80,6,50,GS,True,117,0.020413791993632913,0.020452166500035673,0.0037596646830466186,0.00017447685464643515,,0,0,0.0,1.961526455927456e-05,
case118_ieee,118,186,53,64,SNR,True,4,0.0015711669984739274,0.0015871250070631504,0.07820620241364959,0.00039279174961848184,,181,1051,262088.0,4.017381008375427e-13,
case118_ieee,118,186,53,64,PNR,True,12,0.004425291990628466,0.0044459790078690276,0.020007941368694073,0.0003687743325523722,,181,1051,262088.0,3.4097870860172463e-07,
case118_ieee,118,186,53,64,PNR+,True,5,0.0027999580197501928,0.0028081039927201346,0.008184753885744444,0.0005599916039500386,,234,1486,438048.0,1.7541523789077473e-13,
case118_ieee,118,186,53,64,RCI,True,6,0.004056000005220994,0.004163187986705452,0.07042036285372787,0.0006760000008701658,,287,2032,658952.0,2.9531932455029164e-14,
case118_ieee,118,186,53,64,FDLF-XB,True,8,0.0010051669960375875,0.0010236255038762465,0.06590844240027623,0.00012564587450469844,,181,597,4776.0,5.012756526676882e-07,
case118_ieee,118,186,53,64,FDLF-BX,True,6,0.0008794170280452818,0.0008841874951031059,0.0326443078077208,0.00014656950467421362,,181,597,4776.0,1.1461600762079847e-06,
case118_ieee,118,186,53,64,GS,True,378,0.161816625011852,0.16308308350562584,0.015653008381321335,0.00042808630955516405,,0,0,0.0,8.456433747666692e-05,
case300_ieee,300,411,68,231,SNR,True,5,0.013648374995682389,0.013793292004265822,0.05094928870661623,0.0027296749991364776,,530,3541,2247200.0,1.2637668689308157e-12,
case300_ieee,300,411,68,231,PNR,True,13,0.03283629100769758,0.03303283349669073,0.014109175488167846,0.0025258685390536603,,530,3544,2247200.0,1.0696054717485026e-06,
case300_ieee,300,411,68,231,PNR+,True,6,0.0208183339855168,0.020911125000566244,0.006962949672113171,0.003469722330919467,,598,3901,2860832.0,6.882272529651345e-13,
case300_ieee,300,411,68,231,RCI,True,6,0.0227021659957245,0.022774562501581386,0.01709458069614756,0.0037836943326207497,,666,4342,3548448.0,9.094947017729282e-13,
case300_ieee,300,411,68,231,FDLF-XB,True,11,0.002895166981033981,0.002926917004515417,0.03599378269468435,0.00026319699827581644,,530,1910,15280.0,1.3784346535419264e-06,
case300_ieee,300,411,68,231,FDLF-BX,True,11,0.002899458020692691,0.002920228987932205,0.02174267788165895,0.00026358709279024464,,530,1910,15280.0,1.3960533590568496e-06,
case300_ieee,300,411,68,231,GS,False,3000,3.1006438339827582,3.147273041991866,0.030077113338885516,0.0010335479446609195,,0,0,0.0,0.0016264432277459662,did not reach tol=1e-06 within 3000 iterations
