case,n_bus,solver,converged,max_V_error
case5_stagg,5,SNR,True,0.0
case5_stagg,5,PNR,True,5.095246377785861e-16
case5_stagg,5,PNR+,True,5.095246377785861e-16
case5_stagg,5,RCI,True,7.358578391538257e-15
case5_stagg,5,FDLF-XB,True,5.922869193673385e-09
case5_stagg,5,FDLF-BX,True,4.614323661762307e-08
case5_stagg,5,GS,True,3.9383416601030564e-07
case6ww,6,SNR,True,0.0
case6ww,6,PNR,True,1.870579268695589e-08
case6ww,6,PNR+,True,2.237726045655905e-16
case6ww,6,RCI,True,3.342213888644167e-16
case6ww,6,FDLF-XB,True,5.394948373414735e-08
case6ww,6,FDLF-BX,True,2.7840928875028582e-08
case6ww,6,GS,True,3.097014898521836e-07
case24_ieee_rts,24,SNR,True,2.402719052247103e-13
case24_ieee_rts,24,PNR,True,2.6185872939398917e-09
case24_ieee_rts,24,PNR+,True,6.473488065444272e-14
case24_ieee_rts,24,RCI,True,3.812997902209773e-14
case24_ieee_rts,24,FDLF-XB,True,9.683018208432209e-08
case24_ieee_rts,24,FDLF-BX,True,9.596123793655097e-08
case24_ieee_rts,24,GS,True,5.585954947885036e-06
case30_ieee,30,SNR,True,0.0
case30_ieee,30,PNR,True,1.9645924878813963e-09
case30_ieee,30,PNR+,True,7.301351988545592e-16
case30_ieee,30,RCI,True,1.550590514150343e-15
case30_ieee,30,FDLF-XB,True,5.2082824812101276e-08
case30_ieee,30,FDLF-BX,True,2.832904652250321e-08
case30_ieee,30,GS,True,1.065998222370148e-05
case57_ieee,57,SNR,True,0.0
case57_ieee,57,PNR,True,5.1479158178361876e-08
case57_ieee,57,PNR+,True,1.0854240061008946e-14
case57_ieee,57,RCI,True,4.390998731410599e-15
case57_ieee,57,FDLF-XB,True,4.2937826075360125e-08
case57_ieee,57,FDLF-BX,True,4.202995791505414e-08
case57_ieee,57,GS,True,8.365972232429289e-06
case118_ieee,118,SNR,True,2.4895993220244855e-14
case118_ieee,118,PNR,True,6.021324698014389e-08
case118_ieee,118,PNR+,True,3.007126728982603e-14
case118_ieee,118,RCI,True,3.0287934084557963e-15
case118_ieee,118,FDLF-XB,True,1.1739823006364464e-07
case118_ieee,118,FDLF-BX,True,4.291947272209837e-08
case118_ieee,118,GS,True,4.154117606987096e-05
case300_ieee,300,SNR,True,2.0832349943826423e-13
case300_ieee,300,PNR,True,3.9151115619698016e-07
case300_ieee,300,PNR+,True,1.509954333906915e-14
case300_ieee,300,RCI,True,5.54053641394621e-14
case300_ieee,300,FDLF-XB,True,1.0803667639409663e-07
case300_ieee,300,FDLF-BX,True,1.0971853668004202e-07
case300_ieee,300,GS,False,0.00044578925917623997
