case,n_bus,load_factor,solver,converged,iterations
case30_ieee,30,1.0,SNR,True,4.0
case30_ieee,30,1.0,PNR,True,5.0
case30_ieee,30,1.0,PNR+,True,4.0
case30_ieee,30,1.0,RCI,True,4.0
case30_ieee,30,1.0,FDLF-XB,True,8.0
case30_ieee,30,1.2,SNR,True,4.0
case30_ieee,30,1.2,PNR,True,5.0
case30_ieee,30,1.2,PNR+,True,4.0
case30_ieee,30,1.2,RCI,True,4.0
case30_ieee,30,1.2,FDLF-XB,True,8.0
case30_ieee,30,1.4,SNR,True,4.0
case30_ieee,30,1.4,PNR,True,5.0
case30_ieee,30,1.4,PNR+,True,4.0
case30_ieee,30,1.4,RCI,True,4.0
case30_ieee,30,1.4,FDLF-XB,True,8.0
case30_ieee,30,1.6,SNR,True,4.0
case30_ieee,30,1.6,PNR,True,6.0
case30_ieee,30,1.6,PNR+,True,4.0
case30_ieee,30,1.6,RCI,True,4.0
case30_ieee,30,1.6,FDLF-XB,True,8.0
case30_ieee,30,1.8,SNR,True,4.0
case30_ieee,30,1.8,PNR,True,6.0
case30_ieee,30,1.8,PNR+,True,4.0
case30_ieee,30,1.8,RCI,True,4.0
case30_ieee,30,1.8,FDLF-XB,True,9.0
case30_ieee,30,2.0,SNR,True,4.0
case30_ieee,30,2.0,PNR,True,6.0
case30_ieee,30,2.0,PNR+,True,4.0
case30_ieee,30,2.0,RCI,True,4.0
case30_ieee,30,2.0,FDLF-XB,True,9.0
case30_ieee,30,2.2,SNR,True,4.0
case30_ieee,30,2.2,PNR,True,6.0
case30_ieee,30,2.2,PNR+,True,4.0
case30_ieee,30,2.2,RCI,True,4.0
case30_ieee,30,2.2,FDLF-XB,True,9.0
case30_ieee,30,2.4,SNR,True,4.0
case30_ieee,30,2.4,PNR,True,7.0
case30_ieee,30,2.4,PNR+,True,4.0
case30_ieee,30,2.4,RCI,True,4.0
case30_ieee,30,2.4,FDLF-XB,True,9.0
case30_ieee,30,2.6,SNR,True,5.0
case30_ieee,30,2.6,PNR,True,7.0
case30_ieee,30,2.6,PNR+,True,4.0
case30_ieee,30,2.6,RCI,True,4.0
case30_ieee,30,2.6,FDLF-XB,True,10.0
case30_ieee,30,2.8,SNR,True,5.0
case30_ieee,30,2.8,PNR,True,7.0
case30_ieee,30,2.8,PNR+,True,5.0
case30_ieee,30,2.8,RCI,True,4.0
case30_ieee,30,2.8,FDLF-XB,True,10.0
case30_ieee,30,3.0,SNR,True,5.0
case30_ieee,30,3.0,PNR,True,7.0
case30_ieee,30,3.0,PNR+,True,5.0
case30_ieee,30,3.0,RCI,True,5.0
case30_ieee,30,3.0,FDLF-XB,True,10.0
case30_ieee,30,3.2,SNR,True,5.0
case30_ieee,30,3.2,PNR,True,8.0
case30_ieee,30,3.2,PNR+,True,5.0
case30_ieee,30,3.2,RCI,True,5.0
case30_ieee,30,3.2,FDLF-XB,True,11.0
case30_ieee,30,3.4,SNR,True,5.0
case30_ieee,30,3.4,PNR,True,8.0
case30_ieee,30,3.4,PNR+,True,5.0
case30_ieee,30,3.4,RCI,True,5.0
case30_ieee,30,3.4,FDLF-XB,True,11.0
case30_ieee,30,3.6,SNR,True,5.0
case30_ieee,30,3.6,PNR,True,8.0
case30_ieee,30,3.6,PNR+,True,5.0
case30_ieee,30,3.6,RCI,True,5.0
case30_ieee,30,3.6,FDLF-XB,True,11.0
case30_ieee,30,3.8,SNR,True,5.0
case30_ieee,30,3.8,PNR,True,9.0
case30_ieee,30,3.8,PNR+,True,5.0
case30_ieee,30,3.8,RCI,True,5.0
case30_ieee,30,3.8,FDLF-XB,True,12.0
case30_ieee,30,4.0,SNR,True,5.0
case30_ieee,30,4.0,PNR,True,9.0
case30_ieee,30,4.0,PNR+,True,5.0
case30_ieee,30,4.0,RCI,True,5.0
case30_ieee,30,4.0,FDLF-XB,True,13.0
case30_ieee,30,4.2,SNR,True,5.0
case30_ieee,30,4.2,PNR,True,10.0
case30_ieee,30,4.2,PNR+,True,5.0
case30_ieee,30,4.2,RCI,True,5.0
case30_ieee,30,4.2,FDLF-XB,True,14.0
case30_ieee,30,4.4,SNR,True,5.0
case30_ieee,30,4.4,PNR,True,10.0
case30_ieee,30,4.4,PNR+,True,5.0
case30_ieee,30,4.4,RCI,True,5.0
case30_ieee,30,4.4,FDLF-XB,True,15.0
case30_ieee,30,4.6,SNR,True,6.0
case30_ieee,30,4.6,PNR,True,11.0
case30_ieee,30,4.6,PNR+,True,5.0
case30_ieee,30,4.6,RCI,True,5.0
case30_ieee,30,4.6,FDLF-XB,True,16.0
case30_ieee,30,4.8,SNR,True,6.0
case30_ieee,30,4.8,PNR,True,12.0
case30_ieee,30,4.8,PNR+,True,5.0
case30_ieee,30,4.8,RCI,True,6.0
case30_ieee,30,4.8,FDLF-XB,True,18.0
case30_ieee,30,5.0,SNR,True,6.0
case30_ieee,30,5.0,PNR,True,13.0
case30_ieee,30,5.0,PNR+,True,5.0
case30_ieee,30,5.0,RCI,True,6.0
case30_ieee,30,5.0,FDLF-XB,True,21.0
case57_ieee,57,1.0,SNR,True,5.0
case57_ieee,57,1.0,PNR,True,6.0
case57_ieee,57,1.0,PNR+,True,4.0
case57_ieee,57,1.0,RCI,True,4.0
case57_ieee,57,1.0,FDLF-XB,True,7.0
case57_ieee,57,1.2,SNR,True,5.0
case57_ieee,57,1.2,PNR,True,7.0
case57_ieee,57,1.2,PNR+,True,4.0
case57_ieee,57,1.2,RCI,True,4.0
case57_ieee,57,1.2,FDLF-XB,True,8.0
case57_ieee,57,1.4,SNR,True,5.0
case57_ieee,57,1.4,PNR,True,8.0
case57_ieee,57,1.4,PNR+,True,5.0
case57_ieee,57,1.4,RCI,True,4.0
case57_ieee,57,1.4,FDLF-XB,True,9.0
case57_ieee,57,1.6,SNR,True,6.0
case57_ieee,57,1.6,PNR,True,8.0
case57_ieee,57,1.6,PNR+,True,5.0
case57_ieee,57,1.6,RCI,True,5.0
case57_ieee,57,1.6,FDLF-XB,True,11.0
case57_ieee,57,1.8,SNR,True,6.0
case57_ieee,57,1.8,PNR,True,9.0
case57_ieee,57,1.8,PNR+,True,6.0
case57_ieee,57,1.8,RCI,True,5.0
case57_ieee,57,1.8,FDLF-XB,True,18.0
case57_ieee,57,2.0,SNR,False,
case57_ieee,57,2.0,PNR,False,
case57_ieee,57,2.0,PNR+,False,
case57_ieee,57,2.0,RCI,False,
case57_ieee,57,2.0,FDLF-XB,False,
case57_ieee,57,2.2,SNR,False,
case57_ieee,57,2.2,PNR,False,
case57_ieee,57,2.2,PNR+,False,
case57_ieee,57,2.2,RCI,False,
case57_ieee,57,2.2,FDLF-XB,False,
case57_ieee,57,2.4,SNR,False,
case57_ieee,57,2.4,PNR,False,
case57_ieee,57,2.4,PNR+,False,
case57_ieee,57,2.4,RCI,False,
case57_ieee,57,2.4,FDLF-XB,False,
case57_ieee,57,2.6,SNR,False,
case57_ieee,57,2.6,PNR,False,
case57_ieee,57,2.6,PNR+,False,
case57_ieee,57,2.6,RCI,False,
case57_ieee,57,2.6,FDLF-XB,False,
case57_ieee,57,2.8,SNR,False,
case57_ieee,57,2.8,PNR,False,
case57_ieee,57,2.8,PNR+,False,
case57_ieee,57,2.8,RCI,False,
case57_ieee,57,2.8,FDLF-XB,False,
case57_ieee,57,3.0,SNR,False,
case57_ieee,57,3.0,PNR,False,
case57_ieee,57,3.0,PNR+,False,
case57_ieee,57,3.0,RCI,False,
case57_ieee,57,3.0,FDLF-XB,False,
case57_ieee,57,3.2,SNR,False,
case57_ieee,57,3.2,PNR,False,
case57_ieee,57,3.2,PNR+,False,
case57_ieee,57,3.2,RCI,False,
case57_ieee,57,3.2,FDLF-XB,False,
case57_ieee,57,3.4,SNR,False,
case57_ieee,57,3.4,PNR,False,
case57_ieee,57,3.4,PNR+,False,
case57_ieee,57,3.4,RCI,False,
case57_ieee,57,3.4,FDLF-XB,False,
case57_ieee,57,3.6,SNR,False,
case57_ieee,57,3.6,PNR,False,
case57_ieee,57,3.6,PNR+,False,
case57_ieee,57,3.6,RCI,False,
case57_ieee,57,3.6,FDLF-XB,False,
case57_ieee,57,3.8,SNR,False,
case57_ieee,57,3.8,PNR,False,
case57_ieee,57,3.8,PNR+,False,
case57_ieee,57,3.8,RCI,False,
case57_ieee,57,3.8,FDLF-XB,False,
case57_ieee,57,4.0,SNR,False,
case57_ieee,57,4.0,PNR,False,
case57_ieee,57,4.0,PNR+,False,
case57_ieee,57,4.0,RCI,False,
case57_ieee,57,4.0,FDLF-XB,False,
case57_ieee,57,4.2,SNR,False,
case57_ieee,57,4.2,PNR,False,
case57_ieee,57,4.2,PNR+,False,
case57_ieee,57,4.2,RCI,False,
case57_ieee,57,4.2,FDLF-XB,False,
case57_ieee,57,4.4,SNR,False,
case57_ieee,57,4.4,PNR,False,
case57_ieee,57,4.4,PNR+,False,
case57_ieee,57,4.4,RCI,False,
case57_ieee,57,4.4,FDLF-XB,False,
case57_ieee,57,4.6,SNR,False,
case57_ieee,57,4.6,PNR,False,
case57_ieee,57,4.6,PNR+,False,
case57_ieee,57,4.6,RCI,False,
case57_ieee,57,4.6,FDLF-XB,False,
case57_ieee,57,4.8,SNR,False,
case57_ieee,57,4.8,PNR,False,
case57_ieee,57,4.8,PNR+,False,
case57_ieee,57,4.8,RCI,False,
case57_ieee,57,4.8,FDLF-XB,False,
case57_ieee,57,5.0,SNR,False,
case57_ieee,57,5.0,PNR,False,
case57_ieee,57,5.0,PNR+,False,
case57_ieee,57,5.0,RCI,False,
case57_ieee,57,5.0,FDLF-XB,False,
case118_ieee,118,1.0,SNR,True,4.0
case118_ieee,118,1.0,PNR,True,12.0
case118_ieee,118,1.0,PNR+,True,5.0
case118_ieee,118,1.0,RCI,True,6.0
case118_ieee,118,1.0,FDLF-XB,True,8.0
case118_ieee,118,1.2,SNR,True,5.0
case118_ieee,118,1.2,PNR,True,12.0
case118_ieee,118,1.2,PNR+,True,6.0
case118_ieee,118,1.2,RCI,True,6.0
case118_ieee,118,1.2,FDLF-XB,True,8.0
case118_ieee,118,1.4,SNR,True,5.0
case118_ieee,118,1.4,PNR,True,12.0
case118_ieee,118,1.4,PNR+,True,6.0
case118_ieee,118,1.4,RCI,True,6.0
case118_ieee,118,1.4,FDLF-XB,True,9.0
case118_ieee,118,1.6,SNR,True,5.0
case118_ieee,118,1.6,PNR,True,12.0
case118_ieee,118,1.6,PNR+,True,6.0
case118_ieee,118,1.6,RCI,True,6.0
case118_ieee,118,1.6,FDLF-XB,True,9.0
case118_ieee,118,1.8,SNR,True,5.0
case118_ieee,118,1.8,PNR,False,
case118_ieee,118,1.8,PNR+,True,6.0
case118_ieee,118,1.8,RCI,True,7.0
case118_ieee,118,1.8,FDLF-XB,True,10.0
case118_ieee,118,2.0,SNR,True,5.0
case118_ieee,118,2.0,PNR,False,
case118_ieee,118,2.0,PNR+,True,7.0
case118_ieee,118,2.0,RCI,True,7.0
case118_ieee,118,2.0,FDLF-XB,True,11.0
case118_ieee,118,2.2,SNR,True,5.0
case118_ieee,118,2.2,PNR,False,
case118_ieee,118,2.2,PNR+,False,
case118_ieee,118,2.2,RCI,True,7.0
case118_ieee,118,2.2,FDLF-XB,True,12.0
case118_ieee,118,2.4,SNR,True,5.0
case118_ieee,118,2.4,PNR,False,
case118_ieee,118,2.4,PNR+,False,
case118_ieee,118,2.4,RCI,True,8.0
case118_ieee,118,2.4,FDLF-XB,True,14.0
case118_ieee,118,2.6,SNR,True,6.0
case118_ieee,118,2.6,PNR,False,
case118_ieee,118,2.6,PNR+,False,
case118_ieee,118,2.6,RCI,True,8.0
case118_ieee,118,2.6,FDLF-XB,True,16.0
case118_ieee,118,2.8,SNR,True,6.0
case118_ieee,118,2.8,PNR,False,
case118_ieee,118,2.8,PNR+,False,
case118_ieee,118,2.8,RCI,True,9.0
case118_ieee,118,2.8,FDLF-XB,True,21.0
case118_ieee,118,3.0,SNR,True,7.0
case118_ieee,118,3.0,PNR,False,
case118_ieee,118,3.0,PNR+,False,
case118_ieee,118,3.0,RCI,True,10.0
case118_ieee,118,3.0,FDLF-XB,True,30.0
case118_ieee,118,3.2,SNR,False,
case118_ieee,118,3.2,PNR,False,
case118_ieee,118,3.2,PNR+,False,
case118_ieee,118,3.2,RCI,False,
case118_ieee,118,3.2,FDLF-XB,False,
case118_ieee,118,3.4,SNR,False,
case118_ieee,118,3.4,PNR,False,
case118_ieee,118,3.4,PNR+,False,
case118_ieee,118,3.4,RCI,False,
case118_ieee,118,3.4,FDLF-XB,False,
case118_ieee,118,3.6,SNR,False,
case118_ieee,118,3.6,PNR,False,
case118_ieee,118,3.6,PNR+,False,
case118_ieee,118,3.6,RCI,False,
case118_ieee,118,3.6,FDLF-XB,False,
case118_ieee,118,3.8,SNR,False,
case118_ieee,118,3.8,PNR,False,
case118_ieee,118,3.8,PNR+,False,
case118_ieee,118,3.8,RCI,False,
case118_ieee,118,3.8,FDLF-XB,False,
case118_ieee,118,4.0,SNR,False,
case118_ieee,118,4.0,PNR,False,
case118_ieee,118,4.0,PNR+,False,
case118_ieee,118,4.0,RCI,False,
case118_ieee,118,4.0,FDLF-XB,False,
case118_ieee,118,4.2,SNR,False,
case118_ieee,118,4.2,PNR,False,
case118_ieee,118,4.2,PNR+,False,
case118_ieee,118,4.2,RCI,False,
case118_ieee,118,4.2,FDLF-XB,False,
case118_ieee,118,4.4,SNR,False,
case118_ieee,118,4.4,PNR,False,
case118_ieee,118,4.4,PNR+,False,
case118_ieee,118,4.4,RCI,False,
case118_ieee,118,4.4,FDLF-XB,False,
case118_ieee,118,4.6,SNR,False,
case118_ieee,118,4.6,PNR,False,
case118_ieee,118,4.6,PNR+,False,
case118_ieee,118,4.6,RCI,False,
case118_ieee,118,4.6,FDLF-XB,False,
case118_ieee,118,4.8,SNR,False,
case118_ieee,118,4.8,PNR,False,
case118_ieee,118,4.8,PNR+,False,
case118_ieee,118,4.8,RCI,False,
case118_ieee,118,4.8,FDLF-XB,False,
case118_ieee,118,5.0,SNR,False,
case118_ieee,118,5.0,PNR,False,
case118_ieee,118,5.0,PNR+,False,
case118_ieee,118,5.0,RCI,False,
case118_ieee,118,5.0,FDLF-XB,False,
