case,method,iteration,max_voltage_error,max_dv,max_mismatch
3-bus,SNR,0,0.05434839065808682,0.04526279784708397,2.8599999999999994
3-bus,SNR,1,0.00249007734774749,0.0017953488759451235,0.09921788738820414
3-bus,SNR,2,5.78792930938049e-06,4.411759720408257e-06,0.00021661176794607329
3-bus,SNR,3,3.249882431009078e-11,2.5662565026156675e-11,1.167606900054352e-09
3-bus,SNR,4,0.0,,7.549516567451064e-15
3-bus,PNR,0,0.05434839065808682,0.04599565070494045,2.8599999999999994
3-bus,PNR,1,0.0014699231445185505,0.0010736045331869563,0.08262039234383911
3-bus,PNR,2,1.0605061846882683e-05,1.0162479911133994e-05,0.0004034310648670658
3-bus,PNR,3,3.60827393469504e-08,3.4581799351398835e-08,1.513532998709266e-06
3-bus,PNR,4,1.1766802119871562e-10,,4.934904929143613e-09
3-bus,PNR-chord,0,0.05434839065808682,0.04599565070494045,2.8599999999999994
3-bus,PNR-chord,1,0.0014699231445185505,0.0010991699040480622,0.08262039234383911
3-bus,PNR-chord,2,7.181126851698176e-05,6.524600016341943e-05,0.0026736885099407637
3-bus,PNR-chord,3,3.733138500589366e-06,3.7097772902710527e-06,0.00017356062671058936
3-bus,PNR-chord,4,1.9663741300591717e-07,1.9273475602843116e-07,1.0992659299269292e-05
3-bus,PNR-chord,5,9.599849184464044e-09,,5.010535817362438e-07
3-bus,SNR-chord,0,0.05434839065808682,0.04526279784708397,2.8599999999999994
3-bus,SNR-chord,1,0.00249007734774749,0.0016430384389823282,0.09921788738820414
3-bus,SNR-chord,2,0.00021632607466516088,0.00014218590620327382,0.00876036592758167
3-bus,SNR-chord,3,1.9399783290379778e-05,1.2724431868800198e-05,0.0007843127234492542
3-bus,SNR-chord,4,1.742947459311027e-06,1.1429379149143826e-06,7.046217988682102e-05
3-bus,SNR-chord,5,1.5662886472216444e-07,1.027070536817481e-07,6.332033162692596e-06
3-bus,SNR-chord,6,1.4075673692137084e-08,,5.690370983302273e-07
TC1,SNR,0,0.10972480874000236,0.1128399466299353,1.1849999999999994
TC1,SNR,1,0.010257663978744974,0.008494904520358764,0.10671828223931076
TC1,SNR,2,0.00010411885516625334,8.635808020174783e-05,0.0009657583886056309
TC1,SNR,3,1.1761890676164703e-08,9.617252823167501e-09,1.2385329944963885e-07
TC1,SNR,4,0.0,,5.384581669432009e-15
TC1,PNR,0,0.10972480874000236,0.11009801433727692,1.1849999999999994
TC1,PNR,1,0.007650626165557401,0.007124576330115701,0.06230295473377265
TC1,PNR,2,2.2322851085992345e-05,2.1746575550093927e-05,0.00015514789334836188
TC1,PNR,3,2.600249983554062e-10,2.596857025362519e-10,2.7245116163143734e-09
TC1,PNR,4,5.095246377785861e-16,,1.0977330155981235e-14
TC1,PNR-chord,0,0.10972480874000236,0.11009801433727692,1.1849999999999994
TC1,PNR-chord,1,0.007650626165557401,0.0072955925378316655,0.06230295473377265
TC1,PNR-chord,2,0.000633349566042434,0.0006330481098744301,0.011814259552438033
TC1,PNR-chord,3,8.825794831859068e-05,8.344726947762055e-05,0.0008978439197443178
TC1,PNR-chord,4,7.159159756141464e-06,6.98194916151172e-06,9.128670832414532e-05
TC1,PNR-chord,5,9.881734322666884e-07,9.186134363094362e-07,8.646787324761984e-06
TC1,PNR-chord,6,8.094007818666224e-08,,7.895186960593659e-07
TC1,SNR-chord,0,0.10972480874000236,0.1128399466299353,1.1849999999999994
TC1,SNR-chord,1,0.010257663978744974,0.009927529785131832,0.10671828223931076
TC1,SNR-chord,2,0.0021390494829688056,0.0019320143590973874,0.020586336358158014
TC1,SNR-chord,3,0.0004379418441233804,0.00037712671268985324,0.004089717679733762
TC1,SNR-chord,4,8.921360028155939e-05,7.647420206086203e-05,0.0008617651410424421
TC1,SNR-chord,5,1.8224156886771234e-05,1.5379803323589696e-05,0.00017476365776650238
TC1,SNR-chord,6,3.711329784844277e-06,3.1520019849434614e-06,3.576545402705911e-05
TC1,SNR-chord,7,7.565000190430723e-07,6.407607428333624e-07,7.279914795793596e-06
TC1,SNR-chord,8,1.5411068926467094e-07,,1.4841961523959224e-06
TC2,SNR,0,0.10407949862062896,0.10121357276456117,0.5060671996761463
TC2,SNR,1,0.0030526968936518965,0.0028463015847717643,0.015385730747068282
TC2,SNR,2,7.155233261432205e-06,6.687100375161294e-06,3.770588910245731e-05
TC2,SNR,3,3.5860018119095646e-11,3.3514035109497225e-11,2.086414374602441e-10
TC2,SNR,4,0.0,,3.6637359812630166e-15
TC2,PNR,0,0.10407949862062896,0.10651176483440856,0.5060671996761463
TC2,PNR,1,0.00442361502795742,0.0034819717258696785,0.04589784848560752
TC2,PNR,2,0.0009557308053867829,0.000869139206658691,0.003481849463367992
TC2,PNR,3,2.575188603214219e-05,2.3427062995097536e-05,0.00010767065453082258
TC2,PNR,4,6.849286280045056e-07,6.226381638465573e-07,3.659222667651285e-06
TC2,PNR,5,1.870579268695589e-08,,1.1607768801713547e-07
TC2,PNR-chord,0,0.10407949862062896,0.10651176483440856,0.5060671996761463
TC2,PNR-chord,1,0.00442361502795742,0.0035620049166114123,0.04589784848560752
TC2,PNR-chord,2,0.0009707723393657001,0.0010088855836623489,0.00487887395467701
TC2,PNR-chord,3,7.786819342820182e-05,6.482260794336367e-05,0.0008795215904306986
TC2,PNR-chord,4,1.5379885295272616e-05,1.600441003651906e-05,9.059787951193332e-05
TC2,PNR-chord,5,1.2956413324073125e-06,1.0751960870230236e-06,1.4924848146580239e-05
TC2,PNR-chord,6,2.4271689585542377e-07,2.530481683404868e-07,1.5300050817401711e-06
TC2,PNR-chord,7,2.1246543257905596e-08,,2.437256132470367e-07
TC2,SNR-chord,0,0.10407949862062896,0.10121357276456117,0.5060671996761463
TC2,SNR-chord,1,0.0030526968936518965,0.0026709579474762726,0.015385730747068282
TC2,SNR-chord,2,0.00021684241247797552,0.0001942419910628225,0.0012014659053608545
TC2,SNR-chord,3,1.6935365571507656e-05,1.404794034810979e-05,8.904178365976012e-05
TC2,SNR-chord,4,1.276718982584814e-06,1.0727152249386687e-06,7.039826760757428e-06
TC2,SNR-chord,5,9.87671889881774e-08,8.07848109360756e-08,5.393930582187068e-07
TC2,SNR-chord,6,7.517538944341675e-09,,4.151845811595223e-08
TC3,SNR,0,0.4144685681424022,0.4190190181136999,5.865663893058154
TC3,SNR,1,0.02944820699427097,0.02445880311756421,0.4619978990478526
TC3,SNR,2,0.0007549094523832903,0.0005843727768292471,0.007033731155516892
TC3,SNR,3,5.075820631508001e-07,4.219330190190592e-07,3.215283124746726e-06
TC3,SNR,4,2.402719052247103e-13,,2.3092638912203256e-12
TC3,PNR,0,0.4144685681424022,0.613131671769532,5.586346564817289
TC3,PNR,1,0.23135941110233355,0.23025014989495696,2.084945088037074
TC3,PNR,2,0.010177418340288813,0.018440251755861652,0.4809569692003066
TC3,PNR,3,0.009184776879323809,0.00846123899795756,0.08614232625535267
TC3,PNR,4,0.0003130410422428162,0.00030661512055555647,0.003029240662426602
TC3,PNR,5,3.513498852575005e-06,3.321566075703705e-06,0.00011117720199849135
TC3,PNR,6,7.16809415998046e-08,6.819698370995012e-08,4.197836986796766e-06
TC3,PNR,7,2.6185872939398917e-09,,1.609282092029929e-07
TC3,PNR-chord,0,0.4144685681424022,0.613131671769532,5.586346564817289
TC3,PNR-chord,1,0.23135941110233355,0.4283952961043733,2.084945088037074
TC3,PNR-chord,2,0.21393050756346474,0.3621020595637128,1.733093286715956
TC3,PNR-chord,3,0.1625508922149191,0.2916206519999161,1.4271270120956174
TC3,PNR-chord,4,0.14043652731383308,0.23695216232285973,1.0652987869493629
TC3,PNR-chord,5,0.10588293141295216,0.1870948218640964,0.8846076629952364
TC3,PNR-chord,6,0.08846410228919327,0.14987447203844279,0.6685782385209436
TC3,PNR-chord,7,0.06728185480037478,0.11756820199694183,0.5441585632871693
TC3,PNR-chord,8,0.05483636690653733,0.0932989056385943,0.4161831676872012
TC3,PNR-chord,9,0.04210041918415503,0.07307191173387287,0.3341720027307318
TC3,PNR-chord,10,0.03379962522097307,0.057701879807116926,0.25796063889433896
TC3,PNR-chord,11,0.026146610810589343,0.045200866050699624,0.20535778148686035
TC3,PNR-chord,12,0.020804505595448133,0.035601039790238855,0.1595187083142946
TC3,PNR-chord,13,0.016179451482062367,0.02790406821268215,0.12631238939047051
TC3,PNR-chord,14,0.012805601218407795,0.021947338662574454,0.09851151315733375
TC3,PNR-chord,15,0.009993666487935156,0.017211294521436202,0.0777478549806716
TC3,PNR-chord,16,0.00788461179846786,0.013526795173773774,0.06078851410627806
TC3,PNR-chord,17,0.006167038549447002,0.010611918210902163,0.04787862465111914
TC3,PNR-chord,18,0.004856217106924341,0.008336526124055348,0.03749331000671674
TC3,PNR-chord,19,0.0038036989949100774,0.006541803224258468,0.029493889244108118
TC3,PNR-chord,20,0.0029917157383243685,0.0051378020739658095,0.023118762549863447
TC3,PNR-chord,21,0.002345363504369125,0.004032398637190757,0.018172283391727717
TC3,PNR-chord,22,0.0018433778938578538,0.0031664818325154217,0.014252853475305471
TC3,PNR-chord,23,0.0014459101386369506,0.0024854783281780435,0.01119802821921212
TC3,PNR-chord,24,0.0011359402742129074,0.0019515671280698622,0.008786061163476688
TC3,PNR-chord,25,0.0008913109084519179,0.001531954695388712,0.006900929832937663
TC3,PNR-chord,26,0.0007000461904426851,0.001202804643914977,0.005415757223111939
TC3,PNR-chord,27,0.0005494031547557623,0.0009442258390282661,0.004252993788085746
TC3,PNR-chord,28,0.0004314364521728597,0.0007413276177686531,0.0033381613040361913
TC3,PNR-chord,29,0.000338639257151424,0.0005819723575769959,0.0026211684249659584
TC3,PNR-chord,30,0.000265900284427804,0.0004569067099177447,0.0020575249135603713
TC3,PNR-chord,31,0.00020872469195169267,0.0003586961908238212,0.001615485870985367
TC3,PNR-chord,32,0.0001638808149571088,0.0002816088770036462,0.0012681672122809573
TC3,PNR-chord,33,0.00012864841985346035,0.0002210802397614919,0.0009956721808848101
TC3,PNR-chord,34,0.00010100479195476912,0.0001735665602187007,0.0007816350380096537
TC3,PNR-chord,35,7.929238151312339e-05,0.00013626123873673957,0.0006136668304392856
TC3,PNR-chord,36,6.225276631316154e-05,0.00010697599656970921,0.00048175818665896486
TC3,PNR-chord,37,4.887156430198383e-05,8.3983559339478e-05,0.00037822551067279164
TC3,PNR-chord,38,3.836869853391846e-05,6.593362874480039e-05,0.0002969290580168149
TC3,PNR-chord,39,3.0121711733791937e-05,5.176258272313034e-05,0.00023311496399003317
TC3,PNR-chord,40,2.3648116339917688e-05,4.06375797139455e-05,0.0001830102360642627
TC3,PNR-chord,41,1.8565310267117607e-05,3.1903433470651486e-05,0.00014367797750480804
TC3,PNR-chord,42,1.4575273047972023e-05,2.504660262251361e-05,0.00011279698649957481
TC3,PNR-chord,43,1.144258784588045e-05,1.96634086428728e-05,8.855451375211487e-05
TC3,PNR-chord,44,8.983327920188191e-06,1.543724867172699e-05,6.95215209844946e-05
TC3,PNR-chord,45,7.0525468292527065e-06,1.2119372083750364e-05,5.4579741274096705e-05
TC3,PNR-chord,46,5.536790080961871e-06,9.51461075945334e-06,4.284901257989304e-05
TC3,PNR-chord,47,4.346778440560439e-06,7.469669607875125e-06,3.363972297165674e-05
TC3,PNR-chord,48,3.4125499576081423e-06,5.864246044822642e-06,2.6409625270673587e-05
TC3,PNR-chord,49,2.6790999006179583e-06,4.6038656511897465e-06,2.073353969933578e-05
TC3,PNR-chord,50,2.1032944383391518e-06,3.6143762603102656e-06,1.6277345409321242e-05
TC3,PNR-chord,51,1.6512401409277868e-06,2.8375523013866746e-06,1.2778932003243426e-05
TC3,PNR-chord,52,1.2963467628034957e-06,2.2276889464617518e-06,1.0032400666659669e-05
TC3,PNR-chord,53,1.0177275231361104e-06,1.7489004834641163e-06,7.87618127873202e-06
TC3,PNR-chord,54,7.989918258750035e-07,1.373016463194555e-06,6.183382680546856e-06
TC3,PNR-chord,55,6.272674785840179e-07,1.0779194623085883e-06,4.854414655142136e-06
TC3,PNR-chord,56,4.924515473458443e-07,8.462466153384545e-07,3.8110738387331367e-06
TC3,PNR-chord,57,3.86610823994331e-07,,2.99197566988596e-06
TC3,SNR-chord,0,0.4144685681424022,0.4190190181136999,5.865663893058154
TC3,SNR-chord,1,0.02944820699427097,0.02579285348764728,0.4619978990478526
TC3,SNR-chord,2,0.006167638091889027,0.006141260697911316,0.07918130031346693
TC3,SNR-chord,3,0.0014192133686698398,0.001449588475774382,0.020189155004926518
TC3,SNR-chord,4,0.0003757359029343362,0.0003778316240668871,0.004365758079747151
TC3,SNR-chord,5,7.652408919329874e-05,7.873754405309461e-05,0.0012438497854271313
TC3,SNR-chord,6,2.2107081777235862e-05,2.2213082747572546e-05,0.0002447932191212421
TC3,SNR-chord,7,4.178508851174829e-06,4.338166108509928e-06,7.487114533499817e-05
TC3,SNR-chord,8,1.2912493533594181e-06,1.2948082713125682e-06,1.519541185707185e-05
TC3,SNR-chord,9,2.3135955535519432e-07,2.514070423169713e-07,4.453104453183698e-06
TC3,SNR-chord,10,7.520423243005868e-08,,9.24640506105856e-07
TC4,SNR,0,0.07622365958262912,0.06396609319193118,0.39270000000000005
TC4,SNR,1,0.005316325215154605,0.005197498157905721,0.016346506789368498
TC4,SNR,2,1.7878642775936143e-05,1.782101139774163e-05,6.59027800961609e-05
TC4,SNR,3,1.965793208466263e-10,1.9747902168068974e-10,9.569993686397993e-10
TC4,SNR,4,0.0,,1.2226331058684536e-14
TC4,PNR,0,0.07622365958262912,0.06306167049264616,0.39270000000000005
TC4,PNR,1,0.005952081898202783,0.0062419084986280165,0.0194627941518431
TC4,PNR,2,0.00027658076497628925,0.0002706469674174012,0.0007751653744615672
TC4,PNR,3,5.933798440445454e-06,5.828000346202631e-06,1.958025048548473e-05
TC4,PNR,4,1.0579809425541969e-07,1.0383350177062113e-07,3.6087656288263936e-07
TC4,PNR,5,1.9645924878813963e-09,,6.863464518946927e-09
TC4,PNR-chord,0,0.07622365958262912,0.06306167049264616,0.39270000000000005
TC4,PNR-chord,1,0.005952081898202783,0.0056612720059754104,0.0194627941518431
TC4,PNR-chord,2,0.0004242157923483374,0.0003762349333067247,0.0017888129633234495
TC4,PNR-chord,3,1.9766477721544933e-05,1.7536690225643885e-05,0.00011288944544568524
TC4,PNR-chord,4,4.339263302692529e-06,4.016356200718138e-06,5.430124776634182e-06
TC4,PNR-chord,5,4.921310686231482e-07,4.566296040062531e-07,9.7247868857675e-07
TC4,PNR-chord,6,3.01755154949882e-08,,1.0214702994559843e-07
TC4,SNR-chord,0,0.07622365958262912,0.06396609319193118,0.39270000000000005
TC4,SNR-chord,1,0.005316325215154605,0.004711464413277205,0.016346506789368498
TC4,SNR-chord,2,0.000518529017505959,0.0004614996524844326,0.0019202265452451517
TC4,SNR-chord,3,5.1353248680027635e-05,4.574935002947842e-05,0.0002164176717004973
TC4,SNR-chord,4,5.075241659032183e-06,4.524789585933965e-06,2.3708851489057103e-05
TC4,SNR-chord,5,5.022088776913373e-07,4.4755487547926666e-07,2.5399356056721167e-06
TC4,SNR-chord,6,4.9872197317092804e-08,,2.682110784024694e-07
TC5,SNR,0,0.3319766379455002,0.32757236968125963,2.865396555361017
TC5,SNR,1,0.03741116153152338,0.034904131245789206,0.142777413112548
TC5,SNR,2,0.0011911614907537812,0.0010765001637039716,0.0028776093741016227
TC5,SNR,3,1.5130059776431692e-06,1.2124138305337718e-06,1.232835876297123e-06
TC5,SNR,4,2.942933491590456e-12,2.1888300484391963e-12,1.541461402965183e-12
TC5,SNR,5,0.0,,2.015054789694659e-14
TC5,PNR,0,0.3319766379455002,0.32310904780076005,2.85114085110549
TC5,PNR,1,0.056128696314436156,0.054561535449491314,0.3021788032192395
TC5,PNR,2,0.0040595784837000595,0.0037309880410129562,0.023206081159359293
TC5,PNR,3,0.00023583749944891674,0.0002166048201289849,0.0012981272322509785
TC5,PNR,4,1.3603279333044822e-05,1.2450709183306108e-05,9.343312025944517e-05
TC5,PNR,5,8.28080907407485e-07,7.566885249725909e-07,6.661298301402496e-06
TC5,PNR,6,5.1479157739379666e-08,,4.61166570930871e-07
TC5,PNR-chord,0,0.3319766379455002,0.32310904780076005,2.85114085110549
TC5,PNR-chord,1,0.056128696314436156,0.040333918993920644,0.3021788032192395
TC5,PNR-chord,2,0.020501761033312527,0.01805075380717205,0.051844434126018954
TC5,PNR-chord,3,0.006060419315121783,0.0058485595842600446,0.01412003866968893
TC5,PNR-chord,4,0.0026451471442525973,0.002517941989011897,0.003449299896673752
TC5,PNR-chord,5,0.0006899231657873978,0.0007146170368049874,0.0009291665409165706
TC5,PNR-chord,6,0.0002916912631895137,0.0002446592221829955,0.00025530935576334457
TC5,PNR-chord,7,8.824218137549122e-05,7.149792164591564e-05,7.743325519671274e-05
TC5,PNR-chord,8,2.9734192806145344e-05,2.3054470323783805e-05,2.9758392675355294e-05
TC5,PNR-chord,9,1.1211310192592373e-05,1.0820492588304098e-05,1.1832077286673404e-05
TC5,PNR-chord,10,3.0761755072236748e-06,3.18841221871648e-06,4.324466027424978e-06
TC5,PNR-chord,11,1.3067392332518378e-06,1.2076078741824065e-06,1.5805545451608172e-06
TC5,PNR-chord,12,3.613124050974487e-07,3.247819826206582e-07,4.736055013235263e-07
TC5,PNR-chord,13,1.3892280179935928e-07,,1.564780078774919e-07
TC5,SNR-chord,0,0.3319766379455002,0.32757236968125963,2.865396555361017
TC5,SNR-chord,1,0.03741116153152338,0.03612019633773689,0.142777413112548
TC5,SNR-chord,2,0.010566577977627474,0.011536619929448136,0.05448547680738341
TC5,SNR-chord,3,0.002509259326681526,0.0026253743277677402,0.012729412408814237
TC5,SNR-chord,4,0.0006736489210513747,0.0007644538374864582,0.0038842840272088376
TC5,SNR-chord,5,0.00017883167090522556,0.00018479344661257097,0.000987797613286841
TC5,SNR-chord,6,4.5501814941506574e-05,5.2536909910798455e-05,0.00028550521413192473
TC5,SNR-chord,7,1.2771393546062565e-05,1.2982282065239408e-05,7.455531910735204e-05
TC5,SNR-chord,8,3.233244954136909e-06,3.669757394568988e-06,2.1086486199900935e-05
TC5,SNR-chord,9,9.211177494108986e-07,9.196101334168446e-07,5.577245269859924e-06
TC5,SNR-chord,10,2.369060896760159e-07,,1.5593676637035711e-06
EX1,SNR,0,0.3926041245463659,0.34272815662594724,5.889388122682092
EX1,SNR,1,0.09040509364634344,0.08500216498445554,0.8253756289466243
EX1,SNR,2,0.0011807683872480253,0.0011242814997479806,0.01041101938821009
EX1,SNR,3,2.728747289491211e-07,2.5988067302398085e-07,3.234373850327755e-06
EX1,SNR,4,2.225104100125065e-14,,3.8968647014865115e-13
EX1,PNR,0,0.3926041245463659,0.6581542618070669,5.074984802974166
EX1,PNR,1,0.2846007225290757,0.42532534134663214,1.5862495975504387
EX1,PNR,2,0.1559176640365024,0.25489541504703894,0.33576498608733374
EX1,PNR,3,0.09403843191396995,0.10808104497897263,0.25315240878449896
EX1,PNR,4,0.010778078352080089,0.015828224768109585,0.04674495428516656
EX1,PNR,5,0.0049336358443265215,0.005540781763920358,0.01269710277401015
EX1,PNR,6,0.000660504046484125,0.0008055067741373205,0.0032609960661593718
EX1,PNR,7,0.0001321996479067268,0.00015868341548011538,0.0006423230441479078
EX1,PNR,8,2.5720048821565932e-05,3.06728995721772e-05,0.00011774387294694044
EX1,PNR,9,5.040198640707676e-06,5.9801374729961354e-06,2.1828631028397716e-05
EX1,PNR,10,1.0431146471234831e-06,1.3071423272282712e-06,4.972329631924843e-06
EX1,PNR,11,2.4442054528479437e-07,3.0927288610612794e-07,1.1794943790555124e-06
EX1,PNR,12,6.021324753420127e-08,,3.409787161512412e-07
EX1,PNR-chord,0,0.3926041245463659,0.6581542618070669,5.074984802974166
EX1,PNR-chord,1,0.2846007225290757,0.33524787338602563,1.5862495975504387
EX1,PNR-chord,2,0.16355488354452064,0.18003662462778497,0.5229965408194387
EX1,PNR-chord,3,0.03600546142989437,0.07418902726473535,0.4488706208719364
EX1,PNR-chord,4,0.04138291809068747,0.02541122778838986,0.20788107479177698
EX1,PNR-chord,5,0.017710520461196467,0.014348610441507939,0.08695048951234058
EX1,PNR-chord,6,0.005191700925679714,0.003689293989384188,0.030421985343146996
EX1,PNR-chord,7,0.0025094109084245826,0.002857731676310978,0.01062236281753337
EX1,PNR-chord,8,0.00220636099189042,0.0014232264007250724,0.005703040898236256
EX1,PNR-chord,9,0.0008636681490257026,0.0007882142883968014,0.003829936776632792
EX1,PNR-chord,10,0.00037834878316032433,0.00028599803056052545,0.0015128205808334627
EX1,PNR-chord,11,0.00024048557798590336,0.00022044731236447264,0.0007513970163126604
EX1,PNR-chord,12,0.00011906669682166462,8.171885089584888e-05,0.00041214827097191264
EX1,PNR-chord,13,5.65724808115568e-05,6.212619861855705e-05,0.0002065898925154297
EX1,PNR-chord,14,2.9874740602291627e-05,2.4168450895566042e-05,0.00011406364442323458
EX1,PNR-chord,15,1.6481801639732673e-05,1.7895822545531023e-05,5.79449727702297e-05
EX1,PNR-chord,16,7.704854967941488e-06,7.201477444662292e-06,3.2226104990762394e-05
EX1,PNR-chord,17,4.213852345146688e-06,5.176204875765607e-06,1.6556338087170275e-05
EX1,PNR-chord,18,2.0818650914014123e-06,2.1593124799929076e-06,9.23901703508978e-06
EX1,PNR-chord,19,1.1793835768350256e-06,1.5133963490168165e-06,4.793614188924877e-06
EX1,PNR-chord,20,5.365964148590524e-07,6.525390110590853e-07,2.6823070302661733e-06
EX1,PNR-chord,21,3.400476723135971e-07,,1.4044313464411928e-06
EX1,SNR-chord,0,0.3926041245463659,0.34272815662594724,5.889388122682092
EX1,SNR-chord,1,0.09040509364634344,0.0878816483818988,0.8253756289466243
EX1,SNR-chord,2,0.004467737510934356,0.0040835594926456305,0.17075033362563588
EX1,SNR-chord,3,0.0024450477970028362,0.0025385426261759895,0.03868999945693645
EX1,SNR-chord,4,0.00022042140765333353,0.00030162921566266663,0.008604283179795015
EX1,SNR-chord,5,9.628926835396722e-05,0.00010489892064514913,0.00192203307589305
EX1,SNR-chord,6,1.3854598289550995e-05,1.729305502037945e-05,0.00042889828090108905
EX1,SNR-chord,7,4.303109481718962e-06,4.823110985715011e-06,9.573175570673125e-05
EX1,SNR-chord,8,7.611570531848999e-07,9.177287913088461e-07,2.136640489020013e-05
EX1,SNR-chord,9,2.0245817761485863e-07,,4.768846989547354e-06
EX2,SNR,0,0.6352345824280478,1.0519073714319371,25.833999999999996
EX2,SNR,1,0.4637945407227369,0.41734209940310535,2.8798569291541476
EX2,SNR,2,0.03744257376972167,0.03509338498824886,0.42761757886787666
EX2,SNR,3,0.000885806176566198,0.0008470724976586413,0.007175978768050206
EX2,SNR,4,5.499499701654109e-07,5.348763675511134e-07,4.018265615246541e-06
EX2,SNR,5,1.86325897587955e-13,,1.2106982083537332e-12
EX2,PNR,0,0.6352345824280478,0.6965979581451183,25.833999999999996
EX2,PNR,1,0.533854737415242,0.5419080868681074,3.6798830075833244
EX2,PNR,2,0.18466291466927573,0.12462416354912995,3.0718851257654087
EX2,PNR,3,0.08224143687382965,0.07428147512008319,0.39445457926160543
EX2,PNR,4,0.01845199726742921,0.01292098915770812,0.04966586008715801
EX2,PNR,5,0.005343901938285866,0.003647224545404796,0.015092008113970046
EX2,PNR,6,0.0016437986353485055,0.001125745715723275,0.004582675999663444
EX2,PNR,7,0.0005017297814509051,0.0003440677924753956,0.0013890646470811063
EX2,PNR,8,0.0001526730109537364,0.00010478039719224507,0.0004206682342156043
EX2,PNR,9,4.637329814237286e-05,3.184203193073874e-05,0.00012736064744611753
EX2,PNR,10,1.4069556752366718e-05,9.663981426989804e-06,3.8556105969256294e-05
EX2,PNR,11,4.265447594917029e-06,2.9304632634064496e-06,1.167184348993544e-05
EX2,PNR,12,1.2924926141071802e-06,8.881039443343937e-07,3.533313059911336e-06
EX2,PNR,13,3.91511162599862e-07,,1.0696054912884279e-06
EX2,PNR-chord,0,0.6352345824280478,0.6965979581451183,25.833999999999996
EX2,PNR-chord,1,0.533854737415242,0.3841608769684881,3.6798830075833244
EX2,PNR-chord,2,0.6801728899934978,1.0039609475736522,6.2771681236162635
EX2,PNR-chord,3,1.1212997453152453,1.0612884587296876,6.34886331365107
EX2,PNR-chord,4,1.357106098731698,2.1336720194150103,12.763915643256992
EX2,PNR-chord,5,2.0417280888948506,1.3398613264540975,17.65900851899034
EX2,PNR-chord,6,2.1924209941416803,1.6159796281365844,34.826839083419145
EX2,PNR-chord,7,2.0505735932995806,4.63100987120447,111.38578924045021
EX2,PNR-chord,8,2.5228183756953992,6.02779324814503,274.2174427034305
EX2,PNR-chord,9,2.336832170040834,9.962775750731407,448.28812881445316
EX2,PNR-chord,10,10.40648114782281,35.54667573961206,350.16218859336993
EX2,PNR-chord,11,9.551688817959803,12.255888104729799,1602.7850738285215
EX2,PNR-chord,12,16.28353625754105,22.80024180745857,1740.5313859475402
EX2,PNR-chord,13,24.225202783828447,46.31843719929881,2927.4750358199085
EX2,PNR-chord,14,38.801207969047425,43.02962637936075,2937.3476746856577
EX2,PNR-chord,15,25.740749482159053,26.01744573319903,2638.0749275707744
EX2,PNR-chord,16,51.460585692631255,48.71657309019213,2434.9883524655393
EX2,PNR-chord,17,78.2485904226551,67.29223197394863,3527.086603225888
EX2,PNR-chord,18,40.40391901484358,36.537512123057326,2310.839862632601
EX2,PNR-chord,19,50.3160634157715,42.70186056626416,4276.541872810337
EX2,PNR-chord,20,49.457556322241054,53.237910305209525,3631.900233918872
EX2,PNR-chord,21,86.90810896643669,88.66240149556428,7080.036021293704
EX2,PNR-chord,22,127.77214501936714,110.40055242933082,21657.22075711311
EX2,PNR-chord,23,238.44499106823469,191.29910517272143,28516.61673099647
EX2,PNR-chord,24,374.6086652116679,315.8904947146148,55545.419764298735
EX2,PNR-chord,25,208.17879903643046,179.29796888229512,81917.38457741929
EX2,PNR-chord,26,178.07788298975692,176.1481001972941,11845.943852870074
EX2,PNR-chord,27,255.47976159414128,219.90248250978428,21273.733892784345
EX2,PNR-chord,28,435.56975296794576,438.5833736759779,39876.58062406977
EX2,PNR-chord,29,874.3047918527869,672.719165613856,35084.964941300976
EX2,PNR-chord,30,1458.6442248315739,1306.0822500999745,40539.31902372418
EX2,PNR-chord,31,2764.908038076203,2301.3347853553464,34566.237612982564
EX2,PNR-chord,32,4457.628223465443,3075.8989136704017,34298.28359057427
EX2,PNR-chord,33,7533.565721046466,5665.961802195941,59669.55719195265
EX2,PNR-chord,34,12606.048140018267,9214.520821180962,163108.64873809236
EX2,PNR-chord,35,4067.2184730162026,3521.304991776892,246154.75684959057
EX2,PNR-chord,36,6069.446834508431,5645.218327765389,330405.36821741523
EX2,PNR-chord,37,5393.029418555486,4953.347582055899,420731.9369422353
EX2,PNR-chord,38,7134.5575829100135,5859.190624541243,127601.36425664004
EX2,PNR-chord,39,11359.186843898224,8121.489739138065,88873.85687788973
EX2,PNR-chord,40,4759.031303103085,3859.498425374849,125580.76754595604
EX2,PNR-chord,41,4789.033944134209,4894.34917991302,136899.6760207861
EX2,PNR-chord,42,9683.725028182997,8491.732722247642,161465.26523846804
EX2,PNR-chord,43,18177.11173817002,14954.178872751047,379585.01343613816
EX2,PNR-chord,44,4337.979725286537,4510.646438403792,1030934.1432378849
EX2,PNR-chord,45,4552.787675674098,4448.959639706555,941281.35027404
EX2,PNR-chord,46,7613.871985584738,10060.779511733923,1691825.749252756
EX2,PNR-chord,47,6616.2375137259605,17585.753918323102,2226009.7631340236
EX2,PNR-chord,48,10218.191035924514,10552.683267615575,2176762.0912319594
EX2,PNR-chord,49,20771.951128139168,15233.541263705732,1622575.560195665
EX2,PNR-chord,50,15394.351514471973,28937.160453697565,5423195.191021068
EX2,PNR-chord,51,14495.227397242488,35498.929845109466,862382.2181054929
EX2,PNR-chord,52,22085.841412484086,36633.91144231803,1147064.8856424624
EX2,PNR-chord,53,25329.136991556923,42895.50177777761,2321119.8904129295
EX2,PNR-chord,54,22891.864302985712,26102.73717493428,3624489.6699991566
EX2,PNR-chord,55,48994.770198963764,77835.8149739536,2729702.0112483934
EX2,PNR-chord,56,106671.22643671423,193639.6318289942,6362485.113120398
EX2,PNR-chord,57,217153.98042532115,196720.41525191496,8030365.185706504
EX2,PNR-chord,58,74651.98504949668,89298.12405080267,29554884.869727936
EX2,PNR-chord,59,146599.90304436052,126452.16430683105,65471750.731704384
EX2,PNR-chord,60,183098.004321456,143041.84185557422,115794563.6222965
EX2,PNR-chord,61,264777.7143865422,246830.2196753863,158678033.35119677
EX2,PNR-chord,62,511609.796610951,581943.5097279327,25968930.828861523
EX2,PNR-chord,63,143496.95108004616,287928.67386397975,54659642.24409154
EX2,PNR-chord,64,294937.5958105137,330536.5004637978,58823131.41165774
EX2,PNR-chord,65,378038.5516199411,468034.8118314455,113609502.68717313
EX2,PNR-chord,66,462863.10833147983,631241.8910416089,150427237.5287064
EX2,PNR-chord,67,886458.3317471548,3096922.1840560557,673514315.8809308
EX2,PNR-chord,68,446823.75191404216,834997.7595020399,292028780.7590052
EX2,PNR-chord,69,696974.5857489184,698911.8761192053,365602888.56234574
EX2,PNR-chord,70,494009.60052940395,833780.5972087584,171483895.0819307
EX2,PNR-chord,71,585765.8429410435,2038710.254641044,342593065.51997125
EX2,PNR-chord,72,1664628.8252723971,3838524.914642347,402215976.1681944
EX2,PNR-chord,73,1611396.4180405787,5716109.145294798,815999989.6293119
EX2,PNR-chord,74,3115928.1185259814,2296517.7578786444,2361782102.6067667
EX2,PNR-chord,75,2787525.9226361215,2579619.2057428393,1878499546.8288848
EX2,PNR-chord,76,3706525.027789968,3654914.559436615,836766645.2186497
EX2,PNR-chord,77,3253632.4033758296,4201584.42651561,1195472676.0791183
EX2,PNR-chord,78,6923995.773757188,12802075.979511833,2675708835.725742
EX2,PNR-chord,79,9875087.00632724,12907055.293750472,748523698.0487225
EX2,PNR-chord,80,16579432.391678933,31458435.442494903,1310598424.1457353
EX2,PNR-chord,81,18311182.702546153,18121887.470964354,1467071791.3813996
EX2,PNR-chord,82,12066491.643974701,14530126.805639992,994014739.3413599
EX2,PNR-chord,83,10763654.162536563,8807009.414416544,1219286760.6544182
EX2,PNR-chord,84,13755898.353038229,12844072.994527789,1335974964.1957698
EX2,PNR-chord,85,7193108.894333899,7644172.150207223,1144657248.950179
EX2,PNR-chord,86,13442949.945455402,12072844.464195875,1412996038.3538098
EX2,PNR-chord,87,20520895.352159522,18505821.23058435,1323176349.727029
EX2,PNR-chord,88,39026716.446149535,31188056.44451652,3098211513.768461
EX2,PNR-chord,89,58147125.55326058,56725343.94935859,4941015325.52712
EX2,PNR-chord,90,10509362.254058857,15258400.685419165,2248655950.902429
EX2,PNR-chord,91,11562732.468011355,22894081.50681348,1048445999.2773942
EX2,PNR-chord,92,18757501.60461745,18496334.812953513,4354019626.527504
EX2,PNR-chord,93,7231460.352821563,7227975.079266819,1768434865.2958148
EX2,PNR-chord,94,8188054.086076217,8247198.27885741,4572383430.803717
EX2,PNR-chord,95,13365728.022424413,12055452.980853317,3834727183.6812644
EX2,PNR-chord,96,14671709.863099184,14740234.24810998,1370245719.5751736
EX2,PNR-chord,97,14906868.492291449,15524642.682316517,3151027520.8843675
EX2,PNR-chord,98,22873833.806901958,21211707.701328743,4747782848.458465
EX2,PNR-chord,99,28308957.35865719,18765625.594153836,5818590824.2865
EX2,PNR-chord,100,12695845.659333197,11253190.339074487,2247396228.6765285
EX2,PNR-chord,101,17844394.29615571,27005968.928301815,884044519.5066863
EX2,PNR-chord,102,18080421.991844244,17458524.089952204,1884737413.1320105
EX2,PNR-chord,103,26697026.989216544,27783465.966845006,2008562228.867384
EX2,PNR-chord,104,54480494.84203368,41085878.47829284,3326263622.8052735
EX2,PNR-chord,105,33377839.340698086,37107832.69055208,6187031161.35093
EX2,PNR-chord,106,61566924.530501015,67481095.24363217,7233033275.062448
EX2,PNR-chord,107,90013312.77314605,105060061.69945337,12315559505.446064
EX2,PNR-chord,108,171362193.5205707,288031043.0594756,19302676603.865265
EX2,PNR-chord,109,104976488.9458568,135525007.6153801,18657626728.940666
EX2,PNR-chord,110,73995821.513356,68727278.80829538,7232082454.391025
EX2,PNR-chord,111,136595674.2574875,120576513.26005825,10730841031.04774
EX2,PNR-chord,112,255264581.70346153,272264831.4918298,15374018977.053688
EX2,PNR-chord,113,130645352.5011319,166241173.12365404,19649709978.34948
EX2,PNR-chord,114,181825872.73773175,141249600.14559168,20587227601.998432
EX2,PNR-chord,115,201618685.60545173,195509055.42588156,15626471976.058886
EX2,PNR-chord,116,342825339.5282408,281580145.0727513,16780045446.951382
EX2,PNR-chord,117,156951017.62304586,133331412.40766971,11356831525.892017
EX2,PNR-chord,118,209636049.24488306,304693720.1000382,8480312236.982334
EX2,PNR-chord,119,265698359.14988416,258581382.30907848,4420033662.240993
EX2,PNR-chord,120,117511529.46573402,110499265.41145921,7756644800.901029
EX2,PNR-chord,121,131190513.02289975,262721254.3651063,22543288859.212547
EX2,PNR-chord,122,173060892.04571468,141148479.9127664,9282918046.578201
EX2,PNR-chord,123,172828800.0141762,255973013.7985759,3881160519.5938272
EX2,PNR-chord,124,279186069.48746455,408056110.54760855,18075354759.399452
EX2,PNR-chord,125,354146435.1144803,826397893.704033,11790375453.58337
EX2,PNR-chord,126,616420472.668469,464067099.6595874,13875812942.827868
EX2,PNR-chord,127,537588066.0766627,505524025.7927495,11232363567.800386
EX2,PNR-chord,128,437797420.8810397,452931882.8057914,10692661977.090397
EX2,PNR-chord,129,581143315.8182465,557740678.9924942,13631381191.48567
EX2,PNR-chord,130,677026822.8995453,608108316.7089319,25402130292.599804
EX2,PNR-chord,131,898588954.0802191,576613305.2905906,35893083213.5915
EX2,PNR-chord,132,493853202.25919306,487909591.6043082,40659418030.96901
EX2,PNR-chord,133,655626910.8632538,1270541846.698992,90731550953.97336
EX2,PNR-chord,134,1260028710.2771165,1002353360.6140678,129471098557.94983
EX2,PNR-chord,135,631417305.832438,3737755345.1161976,122596798446.28905
EX2,PNR-chord,136,452655784.2037539,2932133835.671125,138351882391.9615
EX2,PNR-chord,137,791558496.0860082,1198570850.8557003,211101777226.71744
EX2,PNR-chord,138,659049238.0058632,530448357.8537796,259140096435.601
EX2,PNR-chord,139,862370394.8332016,1220039364.77505,553293079082.64
EX2,PNR-chord,140,854883097.6385031,,1077356473307.422
EX2,SNR-chord,0,0.6352345824280478,1.0519073714319371,25.833999999999996
EX2,SNR-chord,1,0.4637945407227369,0.565464295849393,2.8798569291541476
EX2,SNR-chord,2,0.12742379846241395,0.17211161248446638,0.9660074150203606
EX2,SNR-chord,3,0.04709529364177734,0.06068113691317347,0.26696082387143205
EX2,SNR-chord,4,0.014461367490902334,0.020587838096063172,0.13169554601297584
EX2,SNR-chord,5,0.006424861080863321,0.008273289189126313,0.038333438788368854
EX2,SNR-chord,6,0.001968379755878407,0.0028586676480122346,0.02078973399997608
EX2,SNR-chord,7,0.0009317382315300633,0.0011915615023376219,0.006031393590525624
EX2,SNR-chord,8,0.0002771008789834402,0.00041346292747510265,0.0036251123069863667
EX2,SNR-chord,9,0.00014235725996186897,0.00017917172001886812,0.0013095839428540756
EX2,SNR-chord,10,3.941244987803145e-05,6.1003156708002164e-05,0.0006695918252184185
EX2,SNR-chord,11,2.2475252599391813e-05,2.7661676335927562e-05,0.0002682151277237921
EX2,SNR-chord,12,5.703303859998562e-06,9.080645585123418e-06,0.00012741515488556843
EX2,SNR-chord,13,3.6247969031258635e-06,4.341373966081732e-06,5.359877789423706e-05
EX2,SNR-chord,14,1.0255225535330924e-06,1.353752069762147e-06,2.4600447234846e-05
EX2,SNR-chord,15,5.93854489304436e-07,6.891584325677434e-07,1.0594587234180608e-05
EX2,SNR-chord,16,1.881562969904402e-07,,4.782753325827116e-06
